{
  "hash": "2ed1083b",
  "configHash": "80a6afd9",
  "lockfileHash": "02d7ef4e",
  "browserHash": "c2bfb18c",
  "optimized": {
    "@angular/core": {
      "src": "../../../../../../node_modules/@angular/core/fesm2022/core.mjs",
      "file": "@angular_core.js",
      "fileHash": "d4237764",
      "needsInterop": false
    },
    "@angular/platform-browser": {
      "src": "../../../../../../node_modules/@angular/platform-browser/fesm2022/platform-browser.mjs",
      "file": "@angular_platform-browser.js",
      "fileHash": "b4352fd2",
      "needsInterop": false
    },
    "@angular/router": {
      "src": "../../../../../../node_modules/@angular/router/fesm2022/router.mjs",
      "file": "@angular_router.js",
      "fileHash": "ca73ef2f",
      "needsInterop": false
    }
  },
  "chunks": {
    "chunk-AF6E2FN5": {
      "file": "chunk-AF6E2FN5.js"
    },
    "chunk-GOPZBY37": {
      "file": "chunk-GOPZBY37.js"
    }
  }
}